feature,importance
rainfall,0.22152760462187782
humidity,0.21193615754422843
K,0.17917042403350175
P,0.1536698867004944
N,0.10391092991759489
temperature,0.07584392689844123
ph,0.053941070283861414
